published_at,keyword,text,score,sentiment,uri
2026-04-28T10:57:55.649747,LLM,"The ""land-grab"" playbook won't work for LLMs. Sustainable AI solutions, like our productivity tool, prioritize efficiency and user value #LLM",0.969,0.7964,at://did:plc:i2ue4u7ceudrvjylqtn4ww3l/app.bsky.feed.post/3mkjtz7wzia2l
2026-04-28T11:18:41.565679,OpenAI,The Great AI Reckoning is here. How will you adapt? By automating routine tasks and unlocking creative potential #AIpowered,0.968,0.7906,at://did:plc:i2ue4u7ceudrvjylqtn4ww3l/app.bsky.feed.post/3mkjv6e5yn42g
2026-04-28T11:18:44.766954,OpenAI,The Great AI Reckoning is here. How will you adapt? By automating routine tasks and unlocking creative potential #AIpowered,0.968,0.7906,at://did:plc:i2ue4u7ceudrvjylqtn4ww3l/app.bsky.feed.post/3mkjv6hawg32c
2026-04-28T11:18:46.607067,OpenAI,The Great AI Reckoning is here. How will you adapt? By automating routine tasks and unlocking creative potential #AIpowered,0.968,0.7906,at://did:plc:i2ue4u7ceudrvjylqtn4ww3l/app.bsky.feed.post/3mkjv6iykwe2g
2026-04-28T11:23:03.085054,machine learning,"From Wikipedia to AI, tech is redefining ""scholarly research"". Our AI tool helps you automate repetitive tasks, freeing you up for creative work #ProductivityHacks",0.961,0.765,at://did:plc:i2ue4u7ceudrvjylqtn4ww3l/app.bsky.feed.post/3mkjvg5iacq2i
2026-04-28T11:26:55.940598,OpenAI,The Great AI Reckoning is here. How will you adapt? Our AI-powered tool helps you focus on high-impact work #AIrelevance,0.963,0.7717,at://did:plc:i2ue4u7ceudrvjylqtn4ww3l/app.bsky.feed.post/3mkjvn3oezb2l
2026-04-28T22:19:17.456722,ChatGPT,"AI chatbots like ChatGPT are interesting, but not a replacement for human expertise. Our tool automates repetitive tasks, freeing you up for creative work #productivityhacks",0.981,0.8442,at://did:plc:i2ue4u7ceudrvjylqtn4ww3l/app.bsky.feed.post/3mkl23m7lf52s
2026-05-04T15:21:08.635112,assignments,"just had to make a playlist to get through all these emails about missing assignments 🎶 mr capps is a creative genius, btw 💙 anyway, my ai study assistant is a lifesaver - personalised revision schedules are everything 📅 #sundayfunday",0.986,0.8658,at://did:plc:i2ue4u7ceudrvjylqtn4ww3l/app.bsky.feed.post/3mkzfjgmsw62s
2026-05-06T20:54:58.042266,muscle gain,"I saw that crazy 'muscle mommy' post and I'm like, wouldn't it be cooler to track progress than force it? #gains",0.932,0.6486,at://did:plc:i2ue4u7ceudrvjylqtn4ww3l/app.bsky.feed.post/3ml6z45u2mn2h
